<?xml version='1.0'?>
<module>
<exporttime>2015-10-14 17:20:49</exporttime>
<name>DragNDrop</name>
<label>DragNDrop</label>
<parent>Tools</parent>
<version>1.2.1</version>
<dependencies>
<vtiger_version>7.0.0</vtiger_version>
<vtiger_max_version>7.*</vtiger_max_version>
</dependencies>
<license>
<inline>
<![CDATA[**************************************************************************************
* Module : Drag N Drop
* Version : 1.2.1
* Vtiger : 7.x
* Author : Blackant Suresh R
***************************************************************************************
LICENSE The Drag N Drop Module License will be referred to as "The license" in the remainder of this text. This license gives the holder right to install Drag N Drop Module on ONE vtiger CRM installation. The license holder is allowed to make modifications to the sources but in no event will the original copyright holders of this library be held responsible for action or actions resulting from any modifications of the source. The license holder is required to not publicize or otherwise make available any software used in conjunction with Drag N Drop Module. The license holder may not re-distribute the library on it's own or versions of it to third party without prior permission of the copyright holder. The license may be transferred to another vtiger CRM installation only with prior permission. This license may change without notice for future versions of Drag N Drop. ]]>
</inline>
</license>
<tables>
<table>
<name>vtiger_dragndrop</name>
<sql><![CDATA[CREATE TABLE `vtiger_dragndrop` (
  `dragndropid` int(11) DEFAULT NULL,
  `name` varchar(255) DEFAULT NULL,
  `result` varchar(100) DEFAULT NULL,
  `message` longtext
) ENGINE=InnoDB DEFAULT CHARSET=utf8]]></sql>
</table>
<table>
<name>vtiger_dragndropcf</name>
<sql><![CDATA[CREATE TABLE `vtiger_dragndropcf` (
  `dragndropid` int(11) NOT NULL,
  PRIMARY KEY (`dragndropid`)
) ENGINE=InnoDB DEFAULT CHARSET=utf8]]></sql>
</table>
<table>
<name>vtiger_ddd_settings</name>
<sql><![CDATA[CREATE TABLE `vtiger_ddd_settings` (
  `id` int(10) NOT NULL AUTO_INCREMENT,
  `config_name` varchar(255) NOT NULL,
  `config_value` longtext,
  PRIMARY KEY (`id`)
) ENGINE=InnoDB AUTO_INCREMENT=5 DEFAULT CHARSET=utf8]]></sql>
</table>
</tables>
<blocks>
<block>
<label>LBL_DRAGNDROP_INFORMATION</label>
<fields>
<field>
<fieldname>name</fieldname>
<uitype>2</uitype>
<columnname>name</columnname>
<tablename>vtiger_dragndrop</tablename>
<generatedtype>1</generatedtype>
<fieldlabel>Module Name</fieldlabel>
<readonly>1</readonly>
<presence>2</presence>
<defaultvalue></defaultvalue>
<sequence>1</sequence>
<maximumlength>100</maximumlength>
<typeofdata>V~M</typeofdata>
<quickcreate>1</quickcreate>
<quickcreatesequence></quickcreatesequence>
<displaytype>1</displaytype>
<info_type>BAS</info_type>
<helpinfo><![CDATA[]]></helpinfo>
<masseditable>1</masseditable>
<summaryfield>0</summaryfield>
<entityidentifier>
<entityidfield>dragndropid</entityidfield>
<entityidcolumn>dragndropid</entityidcolumn>
</entityidentifier>
</field>
<field>
<fieldname>assigned_user_id</fieldname>
<uitype>53</uitype>
<columnname>smownerid</columnname>
<tablename>vtiger_crmentity</tablename>
<generatedtype>1</generatedtype>
<fieldlabel>Assigned To</fieldlabel>
<readonly>1</readonly>
<presence>2</presence>
<defaultvalue></defaultvalue>
<sequence>2</sequence>
<maximumlength>100</maximumlength>
<typeofdata>V~M</typeofdata>
<quickcreate>1</quickcreate>
<quickcreatesequence></quickcreatesequence>
<displaytype>1</displaytype>
<info_type>BAS</info_type>
<helpinfo><![CDATA[]]></helpinfo>
<masseditable>1</masseditable>
<summaryfield>0</summaryfield>
</field>
<field>
<fieldname>CreatedTime</fieldname>
<uitype>70</uitype>
<columnname>createdtime</columnname>
<tablename>vtiger_crmentity</tablename>
<generatedtype>1</generatedtype>
<fieldlabel>Created Time</fieldlabel>
<readonly>1</readonly>
<presence>2</presence>
<defaultvalue></defaultvalue>
<sequence>3</sequence>
<maximumlength>100</maximumlength>
<typeofdata>T~O</typeofdata>
<quickcreate>1</quickcreate>
<quickcreatesequence></quickcreatesequence>
<displaytype>2</displaytype>
<info_type>BAS</info_type>
<helpinfo><![CDATA[]]></helpinfo>
<masseditable>1</masseditable>
<summaryfield>0</summaryfield>
</field>
<field>
<fieldname>ModifiedTime</fieldname>
<uitype>70</uitype>
<columnname>modifiedtime</columnname>
<tablename>vtiger_crmentity</tablename>
<generatedtype>1</generatedtype>
<fieldlabel>Modified Time</fieldlabel>
<readonly>1</readonly>
<presence>2</presence>
<defaultvalue></defaultvalue>
<sequence>4</sequence>
<maximumlength>100</maximumlength>
<typeofdata>T~O</typeofdata>
<quickcreate>1</quickcreate>
<quickcreatesequence></quickcreatesequence>
<displaytype>2</displaytype>
<info_type>BAS</info_type>
<helpinfo><![CDATA[]]></helpinfo>
<masseditable>1</masseditable>
<summaryfield>0</summaryfield>
</field>
<field>
<fieldname>result</fieldname>
<uitype>1</uitype>
<columnname>result</columnname>
<tablename>vtiger_dragndrop</tablename>
<generatedtype>2</generatedtype>
<fieldlabel>Result</fieldlabel>
<readonly>1</readonly>
<presence>2</presence>
<defaultvalue></defaultvalue>
<sequence>5</sequence>
<maximumlength>100</maximumlength>
<typeofdata>V~O~LE~100</typeofdata>
<quickcreate>1</quickcreate>
<quickcreatesequence></quickcreatesequence>
<displaytype>1</displaytype>
<info_type>BAS</info_type>
<helpinfo><![CDATA[]]></helpinfo>
<masseditable>1</masseditable>
<summaryfield>0</summaryfield>
</field>
<field>
<fieldname>message</fieldname>
<uitype>21</uitype>
<columnname>message</columnname>
<tablename>vtiger_dragndrop</tablename>
<generatedtype>2</generatedtype>
<fieldlabel>Message</fieldlabel>
<readonly>1</readonly>
<presence>2</presence>
<defaultvalue></defaultvalue>
<sequence>6</sequence>
<maximumlength>100</maximumlength>
<typeofdata>V~O</typeofdata>
<quickcreate>1</quickcreate>
<quickcreatesequence></quickcreatesequence>
<displaytype>1</displaytype>
<info_type>BAS</info_type>
<helpinfo><![CDATA[]]></helpinfo>
<masseditable>1</masseditable>
<summaryfield>0</summaryfield>
</field>
</fields>
</block>
</blocks>
<customviews>
<customview>
<viewname>All</viewname>
<setdefault>true</setdefault>
<setmetrics>false</setmetrics>
<fields>
<field>
<fieldname>name</fieldname>
<columnindex>0</columnindex>
</field>
<field>
<fieldname>result</fieldname>
<columnindex>1</columnindex>
</field>
<field>
<fieldname>message</fieldname>
<columnindex>2</columnindex>
</field>
<field>
<fieldname>CreatedTime</fieldname>
<columnindex>3</columnindex>
</field>
</fields>
</customview>
</customviews>
<sharingaccess>
<default>public_readwritedelete</default>
</sharingaccess>
<actions>
<action>
<name><![CDATA[Settings]]></name>
<status>enabled</status>
</action>
</actions>
<crons>
</crons>
</module>
