<?xml version='1.0'?>
<schema>
	<tables>
		<table>
			<name>vtiger_dragndrop</name>
			<sql><![CDATA[CREATE TABLE `vtiger_dragndrop` (
  `dragndropid` int(11) DEFAULT NULL,
  `name` varchar(255) DEFAULT NULL,
  `result` varchar(100) DEFAULT NULL,
  `message` longtext
) ENGINE=InnoDB DEFAULT CHARSET=utf8]]></sql>
		</table>
		<table>
			<name>vtiger_dragndropcf</name>
			<sql><![CDATA[CREATE TABLE `vtiger_dragndropcf` (
  `dragndropid` int(11) NOT NULL,
  PRIMARY KEY (`dragndropid`)
) ENGINE=InnoDB DEFAULT CHARSET=utf8]]></sql>
		</table>
		<table>
			<name>vtiger_ddd_settings</name>
			<sql><![CDATA[CREATE TABLE `vtiger_ddd_settings` (
  `id` int(10) NOT NULL AUTO_INCREMENT,
  `config_name` varchar(255) NOT NULL,
  `config_value` longtext,
  PRIMARY KEY (`id`)
) ENGINE=InnoDB DEFAULT CHARSET=utf8]]></sql>
		</table>
	</tables>
</schema>
