<?xml version='1.0'?>
<module>
<exporttime>2025-12-01 11:06:07</exporttime>
<name>ServiceCompetency</name>
<label>Service Competency</label>
<parent>Tools</parent>
<dependencies>
<vtiger_version>8.0.0</vtiger_version>
</dependencies>
<tables>
<table>
<name>vtiger_servicecompetency</name>
<sql><![CDATA[CREATE TABLE `vtiger_servicecompetency` (
  `servicecompetencyid` int NOT NULL,
  `consultantname` varchar(100) DEFAULT NULL,
  `consultantrating` varchar(100) DEFAULT NULL,
  `consultantrole` varchar(100) DEFAULT NULL,
  `tags` varchar(1) DEFAULT NULL,
  `servicename` varchar(100) DEFAULT NULL,
  `working_days` varchar(100) DEFAULT NULL,
  `tickets_count` varchar(100) DEFAULT NULL,
  `approvalstatus` varchar(100) DEFAULT NULL,
  `scstatus` varchar(100) DEFAULT NULL,
  PRIMARY KEY (`servicecompetencyid`)
) ENGINE=InnoDB DEFAULT CHARSET=utf8mb3]]></sql>
</table>
<table>
<name>vtiger_servicecompetencycf</name>
<sql><![CDATA[CREATE TABLE `vtiger_servicecompetencycf` (
  `servicecompetencyid` int NOT NULL,
  PRIMARY KEY (`servicecompetencyid`)
) ENGINE=InnoDB DEFAULT CHARSET=utf8mb3]]></sql>
</table>
</tables>
<blocks>
<block>
<label>Service Competency Information</label>
<fields>
<field>
<fieldname>consultantname</fieldname>
<uitype>53</uitype>
<columnname>consultantname</columnname>
<tablename>vtiger_servicecompetency</tablename>
<generatedtype>1</generatedtype>
<fieldlabel>Consultant Name</fieldlabel>
<readonly>1</readonly>
<presence>2</presence>
<defaultvalue></defaultvalue>
<sequence>2</sequence>
<maximumlength>100</maximumlength>
<typeofdata>V~M</typeofdata>
<quickcreate>2</quickcreate>
<quickcreatesequence>0</quickcreatesequence>
<displaytype>1</displaytype>
<info_type>BAS</info_type>
<helpinfo><![CDATA[]]></helpinfo>
<masseditable>1</masseditable>
<summaryfield>1</summaryfield>
<entityidentifier>
<entityidfield>servicecompetencyid</entityidfield>
<entityidcolumn>servicecompetencyid</entityidcolumn>
</entityidentifier>
</field>
<field>
<fieldname>consultantrating</fieldname>
<uitype>15</uitype>
<columnname>consultantrating</columnname>
<tablename>vtiger_servicecompetency</tablename>
<generatedtype>1</generatedtype>
<fieldlabel>Consultant Rating</fieldlabel>
<readonly>1</readonly>
<presence>2</presence>
<defaultvalue></defaultvalue>
<sequence>3</sequence>
<maximumlength>100</maximumlength>
<typeofdata>V~M</typeofdata>
<quickcreate>2</quickcreate>
<quickcreatesequence>0</quickcreatesequence>
<displaytype>1</displaytype>
<info_type>BAS</info_type>
<helpinfo><![CDATA[]]></helpinfo>
<masseditable>1</masseditable>
<summaryfield>1</summaryfield>
<picklistvalues>
<picklistvalue>1</picklistvalue>
<picklistvalue>2</picklistvalue>
<picklistvalue>3</picklistvalue>
<picklistvalue>4</picklistvalue>
<picklistvalue>5</picklistvalue>
</picklistvalues>
</field>
<field>
<fieldname>consultantrole</fieldname>
<uitype>15</uitype>
<columnname>consultantrole</columnname>
<tablename>vtiger_servicecompetency</tablename>
<generatedtype>1</generatedtype>
<fieldlabel>Consultant Role</fieldlabel>
<readonly>1</readonly>
<presence>2</presence>
<defaultvalue></defaultvalue>
<sequence>4</sequence>
<maximumlength>100</maximumlength>
<typeofdata>V~O</typeofdata>
<quickcreate>2</quickcreate>
<quickcreatesequence>0</quickcreatesequence>
<displaytype>1</displaytype>
<info_type>BAS</info_type>
<helpinfo><![CDATA[]]></helpinfo>
<masseditable>1</masseditable>
<summaryfield>1</summaryfield>
<picklistvalues>
<picklistvalue>Project Manager</picklistvalue>
<picklistvalue>Reviewer</picklistvalue>
<picklistvalue>Implementer</picklistvalue>
<picklistvalue>Learner</picklistvalue>
<picklistvalue>Not Started</picklistvalue>
</picklistvalues>
</field>
<field>
<fieldname>assigned_user_id</fieldname>
<uitype>53</uitype>
<columnname>smownerid</columnname>
<tablename>vtiger_crmentity</tablename>
<generatedtype>1</generatedtype>
<fieldlabel>Assigned To</fieldlabel>
<readonly>1</readonly>
<presence>2</presence>
<defaultvalue></defaultvalue>
<sequence>7</sequence>
<maximumlength>100</maximumlength>
<typeofdata>V~M</typeofdata>
<quickcreate>1</quickcreate>
<quickcreatesequence>0</quickcreatesequence>
<displaytype>1</displaytype>
<info_type>BAS</info_type>
<helpinfo><![CDATA[]]></helpinfo>
<masseditable>1</masseditable>
<summaryfield>0</summaryfield>
</field>
<field>
<fieldname>createdtime</fieldname>
<uitype>70</uitype>
<columnname>createdtime</columnname>
<tablename>vtiger_crmentity</tablename>
<generatedtype>1</generatedtype>
<fieldlabel>Created Time</fieldlabel>
<readonly>1</readonly>
<presence>2</presence>
<defaultvalue></defaultvalue>
<sequence>8</sequence>
<maximumlength>100</maximumlength>
<typeofdata>DT~O</typeofdata>
<quickcreate>1</quickcreate>
<quickcreatesequence>0</quickcreatesequence>
<displaytype>2</displaytype>
<info_type>BAS</info_type>
<helpinfo><![CDATA[]]></helpinfo>
<masseditable>1</masseditable>
<summaryfield>0</summaryfield>
</field>
<field>
<fieldname>modifiedtime</fieldname>
<uitype>70</uitype>
<columnname>modifiedtime</columnname>
<tablename>vtiger_crmentity</tablename>
<generatedtype>1</generatedtype>
<fieldlabel>Modified Time</fieldlabel>
<readonly>1</readonly>
<presence>2</presence>
<defaultvalue></defaultvalue>
<sequence>9</sequence>
<maximumlength>100</maximumlength>
<typeofdata>DT~O</typeofdata>
<quickcreate>1</quickcreate>
<quickcreatesequence>0</quickcreatesequence>
<displaytype>2</displaytype>
<info_type>BAS</info_type>
<helpinfo><![CDATA[]]></helpinfo>
<masseditable>1</masseditable>
<summaryfield>0</summaryfield>
</field>
<field>
<fieldname>source</fieldname>
<uitype>1</uitype>
<columnname>source</columnname>
<tablename>vtiger_crmentity</tablename>
<generatedtype>1</generatedtype>
<fieldlabel>Source</fieldlabel>
<readonly>1</readonly>
<presence>2</presence>
<defaultvalue></defaultvalue>
<sequence>10</sequence>
<maximumlength>100</maximumlength>
<typeofdata>V~O</typeofdata>
<quickcreate>3</quickcreate>
<quickcreatesequence>1</quickcreatesequence>
<displaytype>2</displaytype>
<info_type>BAS</info_type>
<helpinfo><![CDATA[]]></helpinfo>
<masseditable>0</masseditable>
<summaryfield>0</summaryfield>
</field>
<field>
<fieldname>starred</fieldname>
<uitype>56</uitype>
<columnname>starred</columnname>
<tablename>vtiger_crmentity_user_field</tablename>
<generatedtype>1</generatedtype>
<fieldlabel>starred</fieldlabel>
<readonly>1</readonly>
<presence>2</presence>
<defaultvalue></defaultvalue>
<sequence>11</sequence>
<maximumlength>100</maximumlength>
<typeofdata>C~O</typeofdata>
<quickcreate>3</quickcreate>
<quickcreatesequence>2</quickcreatesequence>
<displaytype>6</displaytype>
<info_type>BAS</info_type>
<helpinfo><![CDATA[]]></helpinfo>
<masseditable>0</masseditable>
<summaryfield>0</summaryfield>
</field>
<field>
<fieldname>tags</fieldname>
<uitype>1</uitype>
<columnname>tags</columnname>
<tablename>vtiger_servicecompetency</tablename>
<generatedtype>1</generatedtype>
<fieldlabel>tags</fieldlabel>
<readonly>1</readonly>
<presence>2</presence>
<defaultvalue></defaultvalue>
<sequence>12</sequence>
<maximumlength>100</maximumlength>
<typeofdata>V~O</typeofdata>
<quickcreate>3</quickcreate>
<quickcreatesequence>3</quickcreatesequence>
<displaytype>6</displaytype>
<info_type>BAS</info_type>
<helpinfo><![CDATA[]]></helpinfo>
<masseditable>0</masseditable>
<summaryfield>0</summaryfield>
</field>
<field>
<fieldname>servicename</fieldname>
<uitype>10</uitype>
<columnname>servicename</columnname>
<tablename>vtiger_servicecompetency</tablename>
<generatedtype>1</generatedtype>
<fieldlabel>Service Name</fieldlabel>
<readonly>1</readonly>
<presence>2</presence>
<defaultvalue></defaultvalue>
<sequence>1</sequence>
<maximumlength>100</maximumlength>
<typeofdata>V~M</typeofdata>
<quickcreate>1</quickcreate>
<quickcreatesequence>0</quickcreatesequence>
<displaytype>1</displaytype>
<info_type>BAS</info_type>
<helpinfo><![CDATA[]]></helpinfo>
<masseditable>1</masseditable>
<summaryfield>1</summaryfield>
<relatedmodules>
<relatedmodule>Services</relatedmodule>
</relatedmodules>
</field>
<field>
<fieldname>working_days</fieldname>
<uitype>1</uitype>
<columnname>working_days</columnname>
<tablename>vtiger_servicecompetency</tablename>
<generatedtype>1</generatedtype>
<fieldlabel>Working Days</fieldlabel>
<readonly>1</readonly>
<presence>1</presence>
<defaultvalue></defaultvalue>
<sequence>15</sequence>
<maximumlength>100</maximumlength>
<typeofdata>V~O</typeofdata>
<quickcreate>2</quickcreate>
<quickcreatesequence>0</quickcreatesequence>
<displaytype>1</displaytype>
<info_type>BAS</info_type>
<helpinfo><![CDATA[]]></helpinfo>
<masseditable>1</masseditable>
<summaryfield>0</summaryfield>
</field>
<field>
<fieldname>tickets_count</fieldname>
<uitype>1</uitype>
<columnname>tickets_count</columnname>
<tablename>vtiger_servicecompetency</tablename>
<generatedtype>1</generatedtype>
<fieldlabel>Ticket Count</fieldlabel>
<readonly>1</readonly>
<presence>2</presence>
<defaultvalue></defaultvalue>
<sequence>16</sequence>
<maximumlength>100</maximumlength>
<typeofdata>V~M</typeofdata>
<quickcreate>2</quickcreate>
<quickcreatesequence>0</quickcreatesequence>
<displaytype>1</displaytype>
<info_type>BAS</info_type>
<helpinfo><![CDATA[]]></helpinfo>
<masseditable>1</masseditable>
<summaryfield>1</summaryfield>
</field>
<field>
<fieldname>approvalstatus</fieldname>
<uitype>15</uitype>
<columnname>approvalstatus</columnname>
<tablename>vtiger_servicecompetency</tablename>
<generatedtype>1</generatedtype>
<fieldlabel>Approval Status</fieldlabel>
<readonly>1</readonly>
<presence>2</presence>
<defaultvalue>Pending Approval</defaultvalue>
<sequence>17</sequence>
<maximumlength>100</maximumlength>
<typeofdata>V~O</typeofdata>
<quickcreate>1</quickcreate>
<quickcreatesequence>0</quickcreatesequence>
<displaytype>1</displaytype>
<info_type>BAS</info_type>
<helpinfo><![CDATA[]]></helpinfo>
<masseditable>1</masseditable>
<summaryfield>0</summaryfield>
<picklistvalues>
<picklistvalue>Approval</picklistvalue>
<picklistvalue>Pending Approval</picklistvalue>
<picklistvalue>Declined Approval</picklistvalue>
</picklistvalues>
</field>
<field>
<fieldname>scstatus</fieldname>
<uitype>15</uitype>
<columnname>scstatus</columnname>
<tablename>vtiger_servicecompetency</tablename>
<generatedtype>1</generatedtype>
<fieldlabel>Status</fieldlabel>
<readonly>1</readonly>
<presence>2</presence>
<defaultvalue>Inactive</defaultvalue>
<sequence>18</sequence>
<maximumlength>100</maximumlength>
<typeofdata>V~O</typeofdata>
<quickcreate>1</quickcreate>
<quickcreatesequence>0</quickcreatesequence>
<displaytype>1</displaytype>
<info_type>BAS</info_type>
<helpinfo><![CDATA[]]></helpinfo>
<masseditable>1</masseditable>
<summaryfield>0</summaryfield>
<picklistvalues>
<picklistvalue>Active</picklistvalue>
<picklistvalue>Inactive</picklistvalue>
</picklistvalues>
</field>
</fields>
</block>
</blocks>
<customviews>
<customview>
<viewname>All</viewname>
<setdefault>true</setdefault>
<setmetrics>false</setmetrics>
<fields>
<field>
<fieldname>consultantname</fieldname>
<columnindex>0</columnindex>
</field>
<field>
<fieldname>servicename</fieldname>
<columnindex>1</columnindex>
</field>
<field>
<fieldname>consultantrole</fieldname>
<columnindex>2</columnindex>
</field>
<field>
<fieldname>consultantrating</fieldname>
<columnindex>3</columnindex>
</field>
<field>
<fieldname>assigned_user_id</fieldname>
<columnindex>4</columnindex>
</field>
<field>
<fieldname>createdtime</fieldname>
<columnindex>5</columnindex>
</field>
<field>
<fieldname>working_days</fieldname>
<columnindex>6</columnindex>
</field>
<field>
<fieldname>tickets_count</fieldname>
<columnindex>7</columnindex>
</field>
<field>
<fieldname>approvalstatus</fieldname>
<columnindex>8</columnindex>
</field>
<field>
<fieldname>scstatus</fieldname>
<columnindex>9</columnindex>
</field>
</fields>
</customview>
</customviews>
<sharingaccess>
<default>public_readwritedelete</default>
</sharingaccess>
<actions>
<action>
<name><![CDATA[Import]]></name>
<status>enabled</status>
</action>
<action>
<name><![CDATA[Export]]></name>
<status>enabled</status>
</action>
<action>
<name><![CDATA[Merge]]></name>
<status>enabled</status>
</action>
<action>
<name><![CDATA[DuplicatesHandling]]></name>
<status>enabled</status>
</action>
</actions>
<customlinks>
<customlink>
<linktype>DETAILVIEWBASIC</linktype>
<linklabel>View History</linklabel>
<linkurl><![CDATA[javascript:ModTrackerCommon.showhistory('$RECORD$')]]></linkurl>
<linkicon><![CDATA[]]></linkicon>
<sequence>0</sequence>
<handler_path><![CDATA[modules/ModTracker/ModTracker.php]]></handler_path>
<handler_class><![CDATA[ModTracker]]></handler_class>
<handler><![CDATA[isViewPermitted]]></handler>
</customlink>
</customlinks>
<crons>
</crons>
</module>
