<?xml version="1.0" encoding='utf-8'?>
<module>
<type>extension</type>
<name>AtomsMSmtp</name>
<label>Atoms Multiple Smtp</label>
 <version>1.0</version>
<dependencies>
<vtiger_version>7.1.0</vtiger_version>
</dependencies>
<tables>
<table>
<name>vtiger_atoms_msmtp</name>
<sql><![CDATA[CREATE TABLE `vtiger_atoms_msmtp` (
  `id` int(19) NOT NULL,
  `name` varchar(100) NOT NULL,
  `config_type` varchar(255) DEFAULT NULL,
  `userids` varchar(255) DEFAULT NULL,
  `server` varchar(100) DEFAULT NULL,
  `server_port` int(19) DEFAULT NULL,
  `server_username` varchar(100) DEFAULT NULL,
  `server_password` text CHARACTER SET utf8mb3 COLLATE utf8mb3_general_ci,
  `server_type` varchar(20) DEFAULT NULL,
  `smtp_auth` varchar(5) DEFAULT NULL,
  `server_path` varchar(256) DEFAULT NULL,
  `from_email_field` varchar(50) DEFAULT NULL,
  `sharedusers` varchar(255) DEFAULT NULL,
  PRIMARY KEY (`id`)
) ENGINE=InnoDB DEFAULT CHARSET=latin1]]></sql>
</table>
</tables>
</module>
