<?xml version='1.0'?>
<schema>
	<tables>
		<table>
			<name>vtiger_atoms_msmtp</name>
			<sql><![CDATA[CREATE TABLE `vtiger_atoms_msmtp` (
  `id` int(19) NOT NULL,
  `name` varchar(100) NOT NULL,
  `config_type` varchar(255) DEFAULT NULL,
  `userids` varchar(255) DEFAULT NULL,
  `server` varchar(100) DEFAULT NULL,
  `server_port` int(19) DEFAULT NULL,
  `server_username` varchar(100) DEFAULT NULL,
  `server_password` varchar(255) DEFAULT NULL,
  `server_type` varchar(20) DEFAULT NULL,
  `smtp_auth` varchar(5) DEFAULT NULL,
  `server_path` varchar(256) DEFAULT NULL,
  `from_email_field` varchar(50) DEFAULT NULL,
  `sharedusers` varchar(255) DEFAULT NULL,
  PRIMARY KEY (`id`)
) ENGINE=InnoDB DEFAULT CHARSET=latin1]]></sql>
		</table>
	</tables>
</schema>
