<?xml version="1.0"?>
<module>
        <type>extension</type>
        <name>AtomPipeline</name>
        <label>Atom Pipeline</label>
        <version>1.0</version>
        <dependencies>
                <vtiger_version>7.0.0</vtiger_version>
                <vtiger_max_version>7.*</vtiger_max_version>
        </dependencies>
        <tables>
                <table>
                        <name>atom_pipeline_settings</name>
                        <sql><![CDATA[CREATE TABLE `atom_pipeline_settings` (
			  `id` int(11) NOT NULL AUTO_INCREMENT,
			  `module_name` varchar(255) NOT NULL,
			  `field_name` varchar(255) NOT NULL,
			  `status` int(1) NOT NULL,
			  PRIMARY KEY (`id`)
			) ENGINE=InnoDB AUTO_INCREMENT=3 DEFAULT CHARSET=utf8]]></sql>
                </table>
        </tables>
</module>
